Id,BIRTHDATE,DEATHDATE,SSN,DRIVERS,PASSPORT,PREFIX,FIRST,MIDDLE,LAST,SUFFIX,MAIDEN,MARITAL,RACE,ETHNICITY,GENDER,BIRTHPLACE,ADDRESS,CITY,STATE,COUNTY,FIPS,ZIP,LAT,LON,HEALTHCARE_EXPENSES,HEALTHCARE_COVERAGE,INCOME
512cbdeb-2461-65ce-6e06-ebe74134ed95,2026-01-13,,999-75-7631,,,,Aubrey96,Quinton758,Reinger292,,,,white,nonhispanic,M,Boston  Massachusetts  US,910 Grimes Gardens,Lowell,Massachusetts,Middlesex County,25017,01852,42.65202022292415,-71.32528932618945,1683.57,0.00,53228
41fcfcd3-28cd-be1d-b273-b8ead8d3969f,2010-12-01,,999-83-9834,,,,Ester635,Soledad678,Marín855,,,,black,hispanic,F,Caguas  Puerto Rico  PR,990 Reichert Vale Unit 13,Ludlow,Massachusetts,Hampden County,,00000,42.18097963113236,-72.47599089418398,21341.26,18537.47,135875
37c29c55-ce84-10be-3d16-035b5e001cad,2012-10-24,,999-14-1379,,,,Herb645,Dewey930,Jakubowski832,,,,white,nonhispanic,M,Raynham  Massachusetts  US,743 Witting Grove,Needham,Massachusetts,Norfolk County,25021,02494,42.31797468321931,-71.29260703515324,43035.35,7927.22,240117
9f573747-03c9-7061-3e28-c119f0a5da9e,1999-04-27,,999-27-1271,S99984383,X83175569X,Mr.,Mathew182,Lionel365,Bruen238,,,,black,nonhispanic,M,Medford  Massachusetts  US,331 Volkman Wall,Boston,Massachusetts,Suffolk County,25025,02113,42.38195836398114,-71.10252800242733,52385.49,10290.28,61413
6e473d76-e353-cf27-f4b6-6289effae535,1997-02-20,,999-23-9480,S99966906,X60709297X,Mrs.,Lavern240,,DuBuque211,,Murphy561,M,white,nonhispanic,F,Springfield  Massachusetts  US,292 Ryan Station,Dennis,Massachusetts,Barnstable County,25001,02638,41.66584081965946,-70.18592443654781,108050.91,151191.56,509295
2599858b-51ef-bee3-b83b-6f9c11ee108a,1994-10-26,,999-34-4364,S99980728,X43883027X,Mr.,Myles862,Donald774,Hane680,,,M,black,nonhispanic,M,Lawrence  Massachusetts  US,881 Howell Bridge,Stoughton,Massachusetts,Norfolk County,,00000,42.13365993178889,-71.07782655293653,14452.37,698891.01,11870
535d5767-f658-53b5-0f5d-78d6a69b2f79,1990-01-10,,999-12-9614,S99951339,X33740277X,Mrs.,Trula820,Maya972,Berge125,,Stoltenberg489,M,white,nonhispanic,F,Rowley  Massachusetts  US,181 Collins Parade Unit 11,North Adams,Massachusetts,Berkshire County,25003,01247,42.72332772636386,-73.13165632202225,10783.26,704498.82,16948
2d3a54c2-d629-adac-dc75-b0c2dc5f4f6b,1973-09-10,,999-46-2356,S99914984,X64781735X,Mrs.,Leeanna836,Isabell86,Hermann103,,Gorczany269,M,white,nonhispanic,F,Westfield  Massachusetts  US,982 Howell Dale Unit 88,Westfield,Massachusetts,Hampden County,25013,01086,42.12273349926556,-72.7106097882487,16810.39,854097.52,14226
c559bb7f-08e0-036a-6f1a-8e65696c9df8,1947-09-27,2014-09-13,999-66-2904,S99911318,X89603467X,Mrs.,Débora815,Mónica985,Águilar229,,Alarcón922,M,white,hispanic,F,San Salvador  El Salvador  SV,468 Reichert Grove,Weston,Massachusetts,Middlesex County,,00000,42.32449353477718,-71.30343800596305,237759.65,444190.52,463459
73ec921b-1f7c-f898-e00e-a4d672900d37,1934-07-07,,999-64-2839,S99951848,X54675486X,Mrs.,Britany225,Lenora887,Crooks415,,Nicolas769,D,white,nonhispanic,F,Brockton  Massachusetts  US,316 Quigley Junction,Springfield,Massachusetts,Hampden County,25013,01119,42.146633515933125,-72.55313708987904,1128721.37,360561.10,61825
1fe7fa9e-cc7d-abb2-5403-52b2df49f7bf,1947-09-27,,999-36-4720,S99912983,X26753317X,Mrs.,Laura391,Graciela518,Yáñez198,,Saldaña5,M,white,hispanic,F,Puebla  Puebla  MX,534 Haag Rest,Weston,Massachusetts,Middlesex County,,00000,42.37387729979711,-71.31736571223126,343237.99,1640612.41,463459
